Parameter,Attribute Column,Attribute Value,Comments
CENTROID_THRESHOLD,,10,CENTROID THRESHOLD In percentage terms
,RX_MARKET_CODE,"33,46",Specify the market code to keep in the flow
CENTROID,,"STATINS_TRX_AVG_PRESCRIPTION_sum,NON-STATINS_NBX_AVG_PRESCRIPTION_sum,VASCEPA_detail_cnt_sum,brand,NOAC_TRX_AVG_PRESCRIPTION_sum",Columns to include for centeroid approach. Include value as csv
FILTER_DATE_END,FULL_DATE,,"End date of the time period for which to filter dataset; should be entered if DATE_FILTER_TYPE = ""Start/End Dates"""
FILTER_N_PERIODS_TYPE,FULL_DATE,Calendar Year,"Specify the last N days, months, or years for which to filter dataset; should be entered if DATE_FILTER_TYPE = ""Last N Periods"""
FILTER_N_PERIODS_NUMBER,FULL_DATE,3,"Specify the number of days, months, or years for which to filter dataset; should be entered if DATE_FILTER_TYPE = ""Last N Periods"""
DATE_FIELD_FORMAT,FULL_DATE,date,"Date Field name and format (yyyy-mm-dd, yyyymm, etc.); enter ""date"" if the format is recognized as a date by the database"
DATE_FILTER_TYPE,,Last N Periods,"Whether dataset should be filtered for specific time period, and if so, how are filter parameters entered in this file"
FILTER_DATE_START,FULL_DATE,,"Start date of the time period for which to filter dataset; should be entered if DATE_FILTER_TYPE = ""Start/End Dates"""
,BRAND_CODE,VASCEPA,Specify the brand code to keep in flow
TIME_WINDOWS_GROUPBY,FULL_DATE,,Specify how should dataset be divided into time period groups
