Parameter,Attribute Column,Attribute Value,Comments
DATE_FILTER_TYPE,,Last N Periods,"Whether dataset should be filtered for specific time period, and if so, how are filter parameters entered in this file. Valid entries are ""Start/End Date"" and ""Last N Periods"" "
FILTER_DATE_START,DAY_PERD_SK,2020-04-01,"Start date of the time period for which to filter dataset; should be entered if DATE_FILTER_TYPE = ""Start/End Dates"""
FILTER_DATE_END,DAY_PERD_SK,2022-03-31,"End date of the time period for which to filter dataset; should be entered if DATE_FILTER_TYPE = ""Start/End Dates"""
FILTER_N_PERIODS_TYPE,DAY_PERD_SK,Year,"Specify the last N days, months, or years for which to filter dataset; should be entered if DATE_FILTER_TYPE = ""Last N Periods"""
FILTER_N_PERIODS_NUMBER,DAY_PERD_SK,2,"Specify the number of days, months, or years for which to filter dataset; should be entered if DATE_FILTER_TYPE = ""Last N Periods"""
DATE_FIELD_FORMAT,DAY_PERD_SK,date,"Date Field name and format (yyyy-mm-dd, yyyymm, etc.); enter ""date"" if the format is recognized as a date by the database"
TIME_WINDOWS_GROUPBY,DAY_PERD_SK,12 Months,Specify how should dataset be divided into time period groups
