Model,Parameter,Value
Predict Has_Initiated (binary),Model Type,Classification
Predict Has_Initiated (binary),Dataset name to split,Data_For_Feature_Importance_SF
Predict Has_Initiated (binary),Train Dataset Name,Data_For_Feature_Importance_train_SF
Predict Has_Initiated (binary),Test Dataset Name,Data_For_Feature_Importance_test_SF
Predict Has_Initiated (binary),Scored Test Dataset,Data_For_Feature_Importance_scored1_SF
Predict Has_Initiated (binary),Target Variable,Has_Initiated
Predict Has_Initiated (binary),Prediction Column,prediction
Predict Has_Initiated (binary),Model Eval Metrics,"AUC, f1score, Precision, Recall"
Predict Has_Initiated (binary),Retrain Metric,Recall
Predict Has_Initiated (binary),Test Data Split Percentage,0.5
,Report Email Recipients,akash.deep@pfizer.com
,,
